Action ID,Package ID,Package Decription,Package Groups,Strategy ID,Strategy,ID,Asset Name,Interval,Interval Units,Recommended Resource,Shutdown Required,Reference Column,Job Plan ID,Action Name,Plan Description,MyPlant Document Number,Oracle Activity,
Motor-Pump Toshiba TIK-COR_A02,Cooroo Plant - Export - Shipping Pump,Cooroo Plant - Export - Shipping Pump,5200 - Cooroo Plant,COR EXP 5200-EM-001,COR,EXP,5200-EM-001,14,M,01,00,COR EXP 14M-01-00,COR EXP 14M-01-00-001,"Clean the grease drain of purged grease, inspect purged grease for evidence of metal particles or contamination and replace the drain plug.",Cooroo Plant Export 5200-EM-001 Shipping Pump Electric Motor Toshiba TIK Inst/Elec Service,2219214.docx,2219214,001
Motor-Pump Toshiba TIK-COR_A06,Cooroo Plant - Export - Shipping Pump,Cooroo Plant - Export - Shipping Pump,5200 - Cooroo Plant,COR EXP 5200-EM-001,COR,EXP,5200-EM-001,14,M,01,00,COR EXP 14M-01-00,COR EXP 14M-01-00-001,Visually inspect condition of all earth wiring.,Cooroo Plant Export 5200-EM-001 Shipping Pump Electric Motor Toshiba TIK Inst/Elec Service,2219214.docx,2219214,001
Motor-Pump Toshiba TIK-COR_A03,Cooroo Plant - Export - Shipping Pump,Cooroo Plant - Export - Shipping Pump,5200 - Cooroo Plant,COR EXP 5200-EM-001,COR,EXP,5200-EM-001,14,M,01,00,COR EXP 14M-01-00,COR EXP 14M-01-00-001,Visually inspect motor for excess dirt and oil build up in particular around cooling fan inlet and outlet areas.,Cooroo Plant Export 5200-EM-001 Shipping Pump Electric Motor Toshiba TIK Inst/Elec Service,2219214.docx,2219214,001
Motor-Pump Toshiba TIK-COR_A04,Cooroo Plant - Export - Shipping Pump,Cooroo Plant - Export - Shipping Pump,5200 - Cooroo Plant,COR EXP 5200-EM-001,COR,EXP,5200-EM-001,14,M,01,00,COR EXP 14M-01-00,COR EXP 14M-01-00-001,Check tightness of all local 3 phase and control terminations.,Cooroo Plant Export 5200-EM-001 Shipping Pump Electric Motor Toshiba TIK Inst/Elec Service,2219214.docx,2219214,001
Motor-Pump Toshiba TIK-COR_A05,Cooroo Plant - Export - Shipping Pump,Cooroo Plant - Export - Shipping Pump,5200 - Cooroo Plant,COR EXP 5200-EM-001,COR,EXP,5200-EM-001,14,M,01,00,COR EXP 14M-01-00,COR EXP 14M-01-00-001,"Visually inspect condition of 3 phase and control cables and lugs for deterioration, overheating and support in terminal box.",Cooroo Plant Export 5200-EM-001 Shipping Pump Electric Motor Toshiba TIK Inst/Elec Service,2219214.docx,2219214,001
Motor-Pump Toshiba TIK-COR_A07,Cooroo Plant - Export - Shipping Pump,Cooroo Plant - Export - Shipping Pump,5200 - Cooroo Plant,COR EXP 5200-EM-001,COR,EXP,5200-EM-001,14,M,01,00,COR EXP 14M-01-00,COR EXP 14M-01-00-001,Visually inspect gasket for deterioration and terminal box for contamination.,Cooroo Plant Export 5200-EM-001 Shipping Pump Electric Motor Toshiba TIK Inst/Elec Service,2219214.docx,2219214,001
Motor-Pump Toshiba TIK-COR_A01,Cooroo Plant - Export - Shipping Pump,Cooroo Plant - Export - Shipping Pump,5200 - Cooroo Plant,COR EXP 5200-EM-001,COR,EXP,5200-EM-001,14,M,01,00,COR EXP 14M-01-00,COR EXP 14M-01-00-001,Re-grease motor bearings.,Cooroo Plant Export 5200-EM-001 Shipping Pump Electric Motor Toshiba TIK Inst/Elec Service,2219214.docx,2219214,001
Run To Failure-SWITCH-VIBRATION_A01,Cooroo Plant - Export - Control and Monitor,Cooroo Plant - Export - Control and Monitor,5200 - Cooroo Plant,COR EXP 5200-HS-5233,,,5200-HS-5233,,,,,,Run To Failure-SWITCH-VIBRATION,Run To Failure-SWITCH-VIBRATION,RTF,RTF,RTF,
Run To Failure-SWITCH-VIBRATION_A01,Cooroo Plant - Export - Crude Oil Shipping Pump Package,Cooroo Plant - Export - Crude Oil Shipping Pump Package,5200 - Cooroo Plant,COR EXP 5200-VSHH-5273,,,5200-VSHH-5273,,,,,,Run To Failure-SWITCH-VIBRATION,Run To Failure-SWITCH-VIBRATION,RTF,RTF,RTF,
Run To Failure-SWITCH-VIBRATION_A01,Cooroo Plant - Export - Crude Oil Shipping Pump Package,Cooroo Plant - Export - Crude Oil Shipping Pump Package,5200 - Cooroo Plant,COR EXP 5200-LSLL-5276,,,5200-LSLL-5276,,,,,,Run To Failure-SWITCH-VIBRATION,Run To Failure-SWITCH-VIBRATION,RTF,RTF,RTF,
Run To Failure-SWITCH-VIBRATION_A01,Cooroo Plant - Export - Booster Pump Package,Cooroo Plant - Export - Booster Pump Package,5200 - Cooroo Plant,COR EXP 5200-HS-0034,,,5200-HS-0034,,,,,,Run To Failure-SWITCH-VIBRATION,Run To Failure-SWITCH-VIBRATION,RTF,RTF,RTF,
Run To Failure-SWITCH-VIBRATION_A01,Cooroo Plant - Export - Control and Monitor,Cooroo Plant - Export - Control and Monitor,5200 - Cooroo Plant,COR EXP 5200-HS-5234,,,5200-HS-5234,,,,,,Run To Failure-SWITCH-VIBRATION,Run To Failure-SWITCH-VIBRATION,RTF,RTF,RTF,
Run To Failure-CONTROLLER_A01,Cooroo Plant - Export - Shipping Pump,Cooroo Plant - Export - Shipping Pump,5200 - Cooroo Plant,COR EXP 5200-PIT-0047,,,5200-PIT-0047,,,,,,Run To Failure-CONTROLLER,Run To Failure-CONTROLLER,RTF,RTF,RTF,
Run To Failure-VALVE_A01,Cooroo Plant - Export - Metering Skid,Cooroo Plant - Export - Metering Skid,5200 - Cooroo Plant,COR EXP 5200-XSV-5269,,,5200-XSV-5269,,,,,,Run To Failure-VALVE,Run To Failure-VALVE,RTF,RTF,RTF,
Run To Failure-PUMP_A01,Cooroo Plant - Export - Crude Oil Shipping Pump Package,Cooroo Plant - Export - Crude Oil Shipping Pump Package,5200 - Cooroo Plant,COR EXP 5200-PX-012,,,5200-PX-012,,,,,,Run To Failure-PUMP,Run To Failure-PUMP,RTF,RTF,RTF,
Run To Failure-PUMP_A01,Cooroo Plant - Export - Crude Oil Shipping Pump Package,Cooroo Plant - Export - Crude Oil Shipping Pump Package,5200 - Cooroo Plant,COR EXP 5200-P-012,,,5200-P-012,,,,,,Run To Failure-PUMP,Run To Failure-PUMP,RTF,RTF,RTF,
Run To Failure-PUMP_A01,Cooroo Plant - Export - Chemical Injection Pump Package,Cooroo Plant - Export - Chemical Injection Pump Package,5200 - Cooroo Plant,COR EXP 5200-PX-004,,,5200-PX-004,,,,,,Run To Failure-PUMP,Run To Failure-PUMP,RTF,RTF,RTF,
Run To Failure-PUMP_A01,Cooroo Plant - Export - Chemical Injection Pump Package,Cooroo Plant - Export - Chemical Injection Pump Package,5200 - Cooroo Plant,COR EXP 5200-P-004,,,5200-P-004,,,,,,Run To Failure-PUMP,Run To Failure-PUMP,RTF,RTF,RTF,
Run To Failure-PUMP_A01,Cooroo Plant - Export - Booster Pump Package,Cooroo Plant - Export - Booster Pump Package,5200 - Cooroo Plant,COR EXP 5200-PX-002,,,5200-PX-002,,,,,,Run To Failure-PUMP,Run To Failure-PUMP,RTF,RTF,RTF,
Run To Failure-PUMP_A01,Cooroo Plant - Export - Booster Pump Package,Cooroo Plant - Export - Booster Pump Package,5200 - Cooroo Plant,COR EXP 5200-RO-0035,,,5200-RO-0035,,,,,,Run To Failure-PUMP,Run To Failure-PUMP,RTF,RTF,RTF,
Run To Failure-PUMP_A01,Cooroo Plant - Export - Booster Pump Package,Cooroo Plant - Export - Booster Pump Package,5200 - Cooroo Plant,COR EXP 5200-PI-5286,,,5200-PI-5286,,,,,,Run To Failure-PUMP,Run To Failure-PUMP,RTF,RTF,RTF,
Run To Failure-PUMP_A01,Cooroo Plant - Export - Booster Pump Package,Cooroo Plant - Export - Booster Pump Package,5200 - Cooroo Plant,COR EXP 5200-P-002,,,5200-P-002,,,,,,Run To Failure-PUMP,Run To Failure-PUMP,RTF,RTF,RTF,
Run To Failure-PUMP_A01,Cooroo Plant - Export - Booster Pump Package,Cooroo Plant - Export - Booster Pump Package,5200 - Cooroo Plant,COR EXP 5200-EM-002,,,5200-EM-002,,,,,,Run To Failure-PUMP,Run To Failure-PUMP,RTF,RTF,RTF,
Run To Failure-PUMP_A01,Cooroo Plant - Export - Shipping Pump Package,Cooroo Plant - Export - Shipping Pump Package,5200 - Cooroo Plant,COR EXP 5200-VSD-001,,,5200-VSD-001,,,,,,Run To Failure-PUMP,Run To Failure-PUMP,RTF,RTF,RTF,
Run To Failure-PUMP_A01,Cooroo Plant - Export - Shipping Pump Package,Cooroo Plant - Export - Shipping Pump Package,5200 - Cooroo Plant,COR EXP 5200-PX-001-BND,,,5200-PX-001-BND,,,,,,Run To Failure-PUMP,Run To Failure-PUMP,RTF,RTF,RTF,
Run To Failure-PUMP_A01,Cooroo Plant - Export - Shipping Pump,Cooroo Plant - Export - Shipping Pump,5200 - Cooroo Plant,COR EXP 5200-V-002,,,5200-V-002,,,,,,Run To Failure-PUMP,Run To Failure-PUMP,RTF,RTF,RTF,
Run To Failure-INSTRUMENT_A01,Cooroo Plant - Export - Trunkline (Cooroo to Jackson),Cooroo Plant - Export - Trunkline (Cooroo to Jackson),5200 - Cooroo Plant,COR EXP 5200-TL-JKN,,,5200-TL-JKN,,,,,,Run To Failure-INSTRUMENT,Run To Failure-INSTRUMENT,RTF,RTF,RTF,
Run To Failure-INSTRUMENT_A01,Cooroo Plant - Export - Control and Monitor,Cooroo Plant - Export - Control and Monitor,5200 - Cooroo Plant,COR EXP 5200-TIT-5260,,,5200-TIT-5260,,,,,,Run To Failure-INSTRUMENT,Run To Failure-INSTRUMENT,RTF,RTF,RTF,
Run To Failure-INSTRUMENT_A01,Cooroo Plant - Export - Metering Skid,Cooroo Plant - Export - Metering Skid,5200 - Cooroo Plant,COR EXP 5200-FE-5268,,,5200-FE-5268,,,,,,Run To Failure-INSTRUMENT,Run To Failure-INSTRUMENT,RTF,RTF,RTF,
Run To Failure-INSTRUMENT_A01,Cooroo Plant - Export - Metering Skid,Cooroo Plant - Export - Metering Skid,5200 - Cooroo Plant,COR EXP 5200-FIT-5268,,,5200-FIT-5268,,,,,,Run To Failure-INSTRUMENT,Run To Failure-INSTRUMENT,RTF,RTF,RTF,
Run To Failure-INSTRUMENT_A01,Cooroo Plant - Export - Metering Skid,Cooroo Plant - Export - Metering Skid,5200 - Cooroo Plant,COR EXP 5200-FE-5267,,,5200-FE-5267,,,,,,Run To Failure-INSTRUMENT,Run To Failure-INSTRUMENT,RTF,RTF,RTF,
Run To Failure-INSTRUMENT_A01,Cooroo Plant - Export - Metering Skid,Cooroo Plant - Export - Metering Skid,5200 - Cooroo Plant,COR EXP 5200-FIT-5267,,,5200-FIT-5267,,,,,,Run To Failure-INSTRUMENT,Run To Failure-INSTRUMENT,RTF,RTF,RTF,
Run To Failure-INSTRUMENT_A01,Cooroo Plant - Export - Control and Monitor,Cooroo Plant - Export - Control and Monitor,5200 - Cooroo Plant,COR EXP 5200-PIT-5272,,,5200-PIT-5272,,,,,,Run To Failure-INSTRUMENT,Run To Failure-INSTRUMENT,RTF,RTF,RTF,
Run To Failure-INSTRUMENT_A01,Cooroo Plant - Export - Control and Monitor,Cooroo Plant - Export - Control and Monitor,5200 - Cooroo Plant,COR EXP 5200-PI-5259,,,5200-PI-5259,,,,,,Run To Failure-INSTRUMENT,Run To Failure-INSTRUMENT,RTF,RTF,RTF,
Run To Failure-INSTRUMENT_A01,Cooroo Plant - Export - Control and Monitor,Cooroo Plant - Export - Control and Monitor,5200 - Cooroo Plant,COR EXP 5200-PG-5210,,,5200-PG-5210,,,,,,Run To Failure-INSTRUMENT,Run To Failure-INSTRUMENT,RTF,RTF,RTF,
Run To Failure-INSTRUMENT_A01,Cooroo Plant - Export - Control and Monitor,Cooroo Plant - Export - Control and Monitor,5200 - Cooroo Plant,COR EXP 5200-SP73-001,,,5200-SP73-001,,,,,,Run To Failure-INSTRUMENT,Run To Failure-INSTRUMENT,RTF,RTF,RTF,
Run To Failure-INSTRUMENT_A01,Cooroo Plant - Export - Control and Monitor,Cooroo Plant - Export - Control and Monitor,5200 - Cooroo Plant,COR EXP 5200-PI-5210-2,,,5200-PI-5210-2,,,,,,Run To Failure-INSTRUMENT,Run To Failure-INSTRUMENT,RTF,RTF,RTF,
Run To Failure-INSTRUMENT_A01,Cooroo Plant - Export - Control and Monitor,Cooroo Plant - Export - Control and Monitor,5200 - Cooroo Plant,COR EXP 5200-F-001,,,5200-F-001,,,,,,Run To Failure-INSTRUMENT,Run To Failure-INSTRUMENT,RTF,RTF,RTF,
Run To Failure-INSTRUMENT_A01,Cooroo Plant - Export - Pig Launcher (Cooroo to Watson),Cooroo Plant - Export - Pig Launcher (Cooroo to Watson),5200 - Cooroo Plant,COR EXP 4100-PG-002,,,4100-PG-002,,,,,,Run To Failure-INSTRUMENT,Run To Failure-INSTRUMENT,RTF,RTF,RTF,
Run To Failure-INSTRUMENT_A01,Cooroo Plant - Export - Pig Launcher (Cooroo to Watson),Cooroo Plant - Export - Pig Launcher (Cooroo to Watson),5200 - Cooroo Plant,COR EXP 4100-PI-0019,,,4100-PI-0019,,,,,,Run To Failure-INSTRUMENT,Run To Failure-INSTRUMENT,RTF,RTF,RTF,
Run To Failure-INSTRUMENT_A01,Cooroo Plant - Export - Pig Launcher (Cooroo to Watson),Cooroo Plant - Export - Pig Launcher (Cooroo to Watson),5200 - Cooroo Plant,COR EXP 4100-PG-002-BND,,,4100-PG-002-BND,,,,,,Run To Failure-INSTRUMENT,Run To Failure-INSTRUMENT,RTF,RTF,RTF,
Run To Failure-CONTROLLER_A01,Cooroo Plant - Export - Shipping Pump,Cooroo Plant - Export - Shipping Pump,5200 - Cooroo Plant,COR EXP 5200-PSLL-0045,,,5200-PSLL-0045,,,,,,Run To Failure-CONTROLLER,Run To Failure-CONTROLLER,RTF,RTF,RTF,
Managed by Parent Maintenance_A02,Cooroo Plant - Export - Shipping Pump Package,Cooroo Plant - Export - Shipping Pump Package,5200 - Cooroo Plant,COR EXP 5200-PX-001,,,5200-PX-001,,,,,,Managed by Parent Maintenance,Managed by Parent Maintenance,Managed by Parent Maintenance,Managed by Parent Maintenance,Managed by Parent Maintenance,
Managed by Integrity_A01,Cooroo Plant - Export - Metering Skid,Cooroo Plant - Export - Metering Skid,5200 - Cooroo Plant,COR EXP 5200-PSV-5270,,,5200-PSV-5270,,,,,,Managed by Integrity,Managed by Integrity,Managed by Integrity,Managed by Integrity,Managed by Integrity,
Managed by Integrity_A01,Cooroo Plant - Export - Control and Monitor,Cooroo Plant - Export - Control and Monitor,5200 - Cooroo Plant,COR EXP 5200-PT-0052,,,5200-PT-0052,,,,,,Managed by Integrity,Managed by Integrity,Managed by Integrity,Managed by Integrity,Managed by Integrity,
Run To Failure-CONTROLLER_A01,Cooroo Plant - Export - Shipping Pump,Cooroo Plant - Export - Shipping Pump,5200 - Cooroo Plant,COR EXP 5200-HS-0039,,,5200-HS-0039,,,,,,Run To Failure-CONTROLLER,Run To Failure-CONTROLLER,RTF,RTF,RTF,
Managed by Integrity_A01,Cooroo Plant - Export - Crude Oil Shipping Pump Package,Cooroo Plant - Export - Crude Oil Shipping Pump Package,5200 - Cooroo Plant,COR EXP 5200-V-004,,,5200-V-004,,,,,,Managed by Integrity,Managed by Integrity,Managed by Integrity,Managed by Integrity,Managed by Integrity,
Run To Failure-CONTROLLER_A01,Cooroo Plant - Export - Chemical Injection Pump Package,Cooroo Plant - Export - Chemical Injection Pump Package,5200 - Cooroo Plant,COR EXP 5200-LG-5288,,,5200-LG-5288,,,,,,Run To Failure-CONTROLLER,Run To Failure-CONTROLLER,RTF,RTF,RTF,
Managed by Integrity_A01,Cooroo Plant - Export - Shipping Pump,Cooroo Plant - Export - Shipping Pump,5200 - Cooroo Plant,COR EXP 5200-V-001,,,5200-V-001,,,,,,Managed by Integrity,Managed by Integrity,Managed by Integrity,Managed by Integrity,Managed by Integrity,
Run To Failure-CONTROLLER_A01,Cooroo Plant - Export - Chemical Injection Pump Package,Cooroo Plant - Export - Chemical Injection Pump Package,5200 - Cooroo Plant,COR EXP 5200-PSV-5213,,,5200-PSV-5213,,,,,,Run To Failure-CONTROLLER,Run To Failure-CONTROLLER,RTF,RTF,RTF,
Managed by Integrity_A01,Cooroo Plant - Export - Crude Oil Shipping Pump Package,Cooroo Plant - Export - Crude Oil Shipping Pump Package,5200 - Cooroo Plant,COR EXP 5200-V-003,,,5200-V-003,,,,,,Managed by Integrity,Managed by Integrity,Managed by Integrity,Managed by Integrity,Managed by Integrity,
Parent Asset - Maintenance covered by children_A03,Cooroo Plant - Export - Control and Monitor,Cooroo Plant - Export - Control and Monitor,5200 - Cooroo Plant,COR EXP 5200-SAT-EXP-REV,,,5200-SAT-EXP-REV,,,,,,Parent Asset - Maintenance covered by children,Parent Asset - Maintenance covered by children,Parent Asset,Parent Asset,Parent Asset,
Managed by Integrity_A01,Cooroo Plant - Export - Control and Monitor,Cooroo Plant - Export - Control and Monitor,5200 - Cooroo Plant,COR EXP 5200-PSV-5264,,,5200-PSV-5264,,,,,,Managed by Integrity,Managed by Integrity,Managed by Integrity,Managed by Integrity,Managed by Integrity,
Parent Asset - Maintenance covered by children_A03,Cooroo Plant - Export - Metering Skid,Cooroo Plant - Export - Metering Skid,5200 - Cooroo Plant,COR EXP 5200-SAT-EXP-MET,,,5200-SAT-EXP-MET,,,,,,Parent Asset - Maintenance covered by children,Parent Asset - Maintenance covered by children,Parent Asset,Parent Asset,Parent Asset,
Run To Failure-CONTROLLER_A01,Cooroo Plant - Export - Shipping Pump,Cooroo Plant - Export - Shipping Pump,5200 - Cooroo Plant,COR EXP 5200-PSLL-0044,,,5200-PSLL-0044,,,,,,Run To Failure-CONTROLLER,Run To Failure-CONTROLLER,RTF,RTF,RTF,
Run To Failure-CONTROLLER_A01,Cooroo Plant - Export - Pig Launcher (Cooroo to Watson),Cooroo Plant - Export - Pig Launcher (Cooroo to Watson),5200 - Cooroo Plant,COR EXP 4100-PG-002-CO,,,4100-PG-002-CO,,,,,,Run To Failure-CONTROLLER,Run To Failure-CONTROLLER,RTF,RTF,RTF,
Managed by Parent Maintenance_A02,Cooroo Plant - Export - Shipping Pump,Cooroo Plant - Export - Shipping Pump,5200 - Cooroo Plant,COR EXP 5200-P-001,,,5200-P-001,,,,,,Managed by Parent Maintenance,Managed by Parent Maintenance,Managed by Parent Maintenance,Managed by Parent Maintenance,Managed by Parent Maintenance,
Run To Failure-CONTROLLER_A01,Cooroo Plant - Export - Shipping Pump,Cooroo Plant - Export - Shipping Pump,5200 - Cooroo Plant,COR EXP 5200-PI-5287,,,5200-PI-5287,,,,,,Run To Failure-CONTROLLER,Run To Failure-CONTROLLER,RTF,RTF,RTF,
Run To Failure-CONTROLLER_A01,Cooroo Plant - Export - Chemical Injection Pump Package,Cooroo Plant - Export - Chemical Injection Pump Package,5200 - Cooroo Plant,COR EXP 5200-P-004-CO,,,5200-P-004-CO,,,,,,Run To Failure-CONTROLLER,Run To Failure-CONTROLLER,RTF,RTF,RTF,
Managed by Integrity_A01,Cooroo Plant - Export - Control and Monitor,Cooroo Plant - Export - Control and Monitor,5200 - Cooroo Plant,COR EXP 5200-PSV-5263,,,5200-PSV-5263,,,,,,Managed by Integrity,Managed by Integrity,Managed by Integrity,Managed by Integrity,Managed by Integrity,
Managed by Integrity_A01,Cooroo Plant - Export - Control and Monitor,Cooroo Plant - Export - Control and Monitor,5200 - Cooroo Plant,COR EXP 5200-PSHH-5262,,,5200-PSHH-5262,,,,,,Managed by Integrity,Managed by Integrity,Managed by Integrity,Managed by Integrity,Managed by Integrity,
Run To Failure-CONTROLLER_A01,Cooroo Plant - Export - Shipping Pump,Cooroo Plant - Export - Shipping Pump,5200 - Cooroo Plant,COR EXP 5200-P-001-CO,,,5200-P-001-CO,,,,,,Run To Failure-CONTROLLER,Run To Failure-CONTROLLER,RTF,RTF,RTF,
Run To Failure-CONTROLLER_A01,Cooroo Plant - Inlet Separation - Inlet Manifold,Cooroo Plant - Inlet Separation - Inlet Manifold,5200 - Cooroo Plant,COR INL SEP 5200-A6-CO-006-CO,,,5200-A6-CO-006-CO,,,,,,Run To Failure-CONTROLLER,Run To Failure-CONTROLLER,RTF,RTF,RTF,
Run To Failure-VALVE_A01,Cooroo Plant - Inlet Separation - Inlet Manifold,Cooroo Plant - Inlet Separation - Inlet Manifold,5200 - Cooroo Plant,COR INL SEP 5200-XSV-5232,,,5200-XSV-5232,,,,,,Run To Failure-VALVE,Run To Failure-VALVE,RTF,RTF,RTF,
Run To Failure-VALVE_A01,Cooroo Plant - Inlet Separation - Inlet Manifold,Cooroo Plant - Inlet Separation - Inlet Manifold,5200 - Cooroo Plant,COR INL SEP 5200-XY-5232,,,5200-XY-5232,,,,,,Run To Failure-VALVE,Run To Failure-VALVE,RTF,RTF,RTF,
Run To Failure-VALVE_A01,Cooroo Plant - Inlet Separation - Inlet Manifold,Cooroo Plant - Inlet Separation - Inlet Manifold,5200 - Cooroo Plant,COR INL SEP 5200-XSV-5232-VABA-1,,,5200-XSV-5232-VABA-1,,,,,,Run To Failure-VALVE,Run To Failure-VALVE,RTF,RTF,RTF,
Run To Failure-VALVE_A01,Cooroo Plant - Inlet Separation - Inlet Manifold,Cooroo Plant - Inlet Separation - Inlet Manifold,5200 - Cooroo Plant,COR INL SEP 5200-XSV-5232-VAAC-2,,,5200-XSV-5232-VAAC-2,,,,,,Run To Failure-VALVE,Run To Failure-VALVE,RTF,RTF,RTF,
Run To Failure-VALVE_A01,Cooroo Plant - Inlet Separation - Inlet Manifold,Cooroo Plant - Inlet Separation - Inlet Manifold,5200 - Cooroo Plant,COR INL SEP 5200-XSV-5231,,,5200-XSV-5231,,,,,,Run To Failure-VALVE,Run To Failure-VALVE,RTF,RTF,RTF,
Run To Failure-VALVE_A01,Cooroo Plant - Inlet Separation - Inlet Manifold,Cooroo Plant - Inlet Separation - Inlet Manifold,5200 - Cooroo Plant,COR INL SEP 5200-XY-5231,,,5200-XY-5231,,,,,,Run To Failure-VALVE,Run To Failure-VALVE,RTF,RTF,RTF,
Run To Failure-VALVE_A01,Cooroo Plant - Inlet Separation - Inlet Manifold,Cooroo Plant - Inlet Separation - Inlet Manifold,5200 - Cooroo Plant,COR INL SEP 5200-XSV-5231-VABA-1,,,5200-XSV-5231-VABA-1,,,,,,Run To Failure-VALVE,Run To Failure-VALVE,RTF,RTF,RTF,
Run To Failure-VALVE_A01,Cooroo Plant - Inlet Separation - Inlet Manifold,Cooroo Plant - Inlet Separation - Inlet Manifold,5200 - Cooroo Plant,COR INL SEP 5200-XSV-5231-VAAC-2,,,5200-XSV-5231-VAAC-2,,,,,,Run To Failure-VALVE,Run To Failure-VALVE,RTF,RTF,RTF,
Run To Failure-INSTRUMENT_A01,Cooroo Plant - Inlet Separation - Control and Monitor,Cooroo Plant - Inlet Separation - Control and Monitor,5200 - Cooroo Plant,COR INL SEP 5200-LI-5286,,,5200-LI-5286,,,,,,Run To Failure-INSTRUMENT,Run To Failure-INSTRUMENT,RTF,RTF,RTF,
Run To Failure-INSTRUMENT_A01,Cooroo Plant - Inlet Separation - Inlet Manifold,Cooroo Plant - Inlet Separation - Inlet Manifold,5200 - Cooroo Plant,COR INL SEP 5200-TI-5249,,,5200-TI-5249,,,,,,Run To Failure-INSTRUMENT,Run To Failure-INSTRUMENT,RTF,RTF,RTF,
Run To Failure-INSTRUMENT_A01,Cooroo Plant - Inlet Separation - Inlet Manifold,Cooroo Plant - Inlet Separation - Inlet Manifold,5200 - Cooroo Plant,COR INL SEP 5200-TI-0029,,,5200-TI-0029,,,,,,Run To Failure-INSTRUMENT,Run To Failure-INSTRUMENT,RTF,RTF,RTF,
Run To Failure-INSTRUMENT_A01,Cooroo Plant - Inlet Separation - Inlet Manifold,Cooroo Plant - Inlet Separation - Inlet Manifold,5200 - Cooroo Plant,COR INL SEP 5200-TI-0024,,,5200-TI-0024,,,,,,Run To Failure-INSTRUMENT,Run To Failure-INSTRUMENT,RTF,RTF,RTF,
Run To Failure-INSTRUMENT_A01,Cooroo Plant - Inlet Separation - Inlet Manifold,Cooroo Plant - Inlet Separation - Inlet Manifold,5200 - Cooroo Plant,COR INL SEP 5200-TI-0022,,,5200-TI-0022,,,,,,Run To Failure-INSTRUMENT,Run To Failure-INSTRUMENT,RTF,RTF,RTF,
Run To Failure-INSTRUMENT_A01,Cooroo Plant - Inlet Separation - Inlet Manifold,Cooroo Plant - Inlet Separation - Inlet Manifold,5200 - Cooroo Plant,COR INL SEP 5200-TI-0021,,,5200-TI-0021,,,,,,Run To Failure-INSTRUMENT,Run To Failure-INSTRUMENT,RTF,RTF,RTF,
Run To Failure-INSTRUMENT_A01,Cooroo Plant - Inlet Separation - Inlet Manifold,Cooroo Plant - Inlet Separation - Inlet Manifold,5200 - Cooroo Plant,COR INL SEP 5200-PI-0026,,,5200-PI-0026,,,,,,Run To Failure-INSTRUMENT,Run To Failure-INSTRUMENT,RTF,RTF,RTF,
Run To Failure-INSTRUMENT_A01,Cooroo Plant - Inlet Separation - Inlet Manifold,Cooroo Plant - Inlet Separation - Inlet Manifold,5200 - Cooroo Plant,COR INL SEP 5200-FIT-5200,,,5200-FIT-5200,,,,,,Run To Failure-INSTRUMENT,Run To Failure-INSTRUMENT,RTF,RTF,RTF,
Run To Failure-INSTRUMENT_A01,Cooroo Plant - Inlet Separation - Inlet Manifold,Cooroo Plant - Inlet Separation - Inlet Manifold,5200 - Cooroo Plant,COR INL SEP 5200-FIT-0028,,,5200-FIT-0028,,,,,,Run To Failure-INSTRUMENT,Run To Failure-INSTRUMENT,RTF,RTF,RTF,
Run To Failure-INSTRUMENT_A01,Cooroo Plant - Inlet Separation - Inlet Manifold,Cooroo Plant - Inlet Separation - Inlet Manifold,5200 - Cooroo Plant,COR INL SEP 5200-CO-005-006,,,5200-CO-005-006,,,,,,Run To Failure-INSTRUMENT,Run To Failure-INSTRUMENT,RTF,RTF,RTF,
Managed by Parent Maintenance_A02,Cooroo Plant - Inlet Separation - Control and Monitor,Cooroo Plant - Inlet Separation - Control and Monitor,5200 - Cooroo Plant,COR INL SEP 5200-TK-011,,,5200-TK-011,,,,,,Managed by Parent Maintenance,Managed by Parent Maintenance,Managed by Parent Maintenance,Managed by Parent Maintenance,Managed by Parent Maintenance,
Managed by Integrity_A01,Cooroo Plant - Inlet Separation - Inlet Manifold,Cooroo Plant - Inlet Separation - Inlet Manifold,5200 - Cooroo Plant,COR INL SEP 5200-PSV-5243,,,5200-PSV-5243,,,,,,Managed by Integrity,Managed by Integrity,Managed by Integrity,Managed by Integrity,Managed by Integrity,
Managed by Integrity_A01,Cooroo Plant - Inlet Separation - Control and Monitor,Cooroo Plant - Inlet Separation - Control and Monitor,5200 - Cooroo Plant,COR INL SEP 5200-LIT-5285,,,5200-LIT-5285,,,,,,Managed by Integrity,Managed by Integrity,Managed by Integrity,Managed by Integrity,Managed by Integrity,
Managed by Integrity_A01,Cooroo Plant - Inlet Separation - Inlet Manifold,Cooroo Plant - Inlet Separation - Inlet Manifold,5200 - Cooroo Plant,COR INL SEP 5200-PSV-5244,,,5200-PSV-5244,,,,,,Managed by Integrity,Managed by Integrity,Managed by Integrity,Managed by Integrity,Managed by Integrity,
Managed by Parent Maintenance_A02,Cooroo Plant - Inlet Separation - Inlet Manifold,Cooroo Plant - Inlet Separation - Inlet Manifold,5200 - Cooroo Plant,COR INL SEP 5200-A6-CO-006,,,5200-A6-CO-006,,,,,,Managed by Parent Maintenance,Managed by Parent Maintenance,Managed by Parent Maintenance,Managed by Parent Maintenance,Managed by Parent Maintenance,
Managed by Integrity_A01,Cooroo Plant - Inlet Separation - Inlet Manifold,Cooroo Plant - Inlet Separation - Inlet Manifold,5200 - Cooroo Plant,COR INL SEP 5200-PSV-5227,,,5200-PSV-5227,,,,,,Managed by Integrity,Managed by Integrity,Managed by Integrity,Managed by Integrity,Managed by Integrity,
Run To Failure-SWITCH-VIBRATION_A01,Cooroo Plant - Inlet Separation - Inlet Manifold,Cooroo Plant - Inlet Separation - Inlet Manifold,5200 - Cooroo Plant,COR INL SEP 5200-HS-5231,,,5200-HS-5231,,,,,,Run To Failure-SWITCH-VIBRATION,Run To Failure-SWITCH-VIBRATION,RTF,RTF,RTF,
Run To Failure-SWITCH-VIBRATION_A01,Cooroo Plant - Inlet Separation - Control and Monitor,Cooroo Plant - Inlet Separation - Control and Monitor,5200 - Cooroo Plant,COR INL SEP 5200-LSH-5235,,,5200-LSH-5235,,,,,,Run To Failure-SWITCH-VIBRATION,Run To Failure-SWITCH-VIBRATION,RTF,RTF,RTF,
Run To Failure-SWITCH-VIBRATION_A01,Cooroo Plant - Inlet Separation - Inlet Manifold,Cooroo Plant - Inlet Separation - Inlet Manifold,5200 - Cooroo Plant,COR INL SEP 5200-HS-5232,,,5200-HS-5232,,,,,,Run To Failure-SWITCH-VIBRATION,Run To Failure-SWITCH-VIBRATION,RTF,RTF,RTF,
Managed by Integrity_A01,Cooroo Plant - Oil Storage Tank - Test Tank,Cooroo Plant - Oil Storage Tank - Test Tank,5200 - Cooroo Plant,COR OIL STRG 5200-TK-003,,,5200-TK-003,,,,,,Managed by Integrity,Managed by Integrity,Managed by Integrity,Managed by Integrity,Managed by Integrity,
Managed by Parent Maintenance_A02,Cooroo Plant - Oil Storage Tank - Tank,Cooroo Plant - Oil Storage Tank - Tank,5200 - Cooroo Plant,COR OIL STRG 5200-LSHL-036,,,5200-LSHL-036,,,,,,Managed by Parent Maintenance,Managed by Parent Maintenance,Managed by Parent Maintenance,Managed by Parent Maintenance,Managed by Parent Maintenance,
Managed by Parent Maintenance_A02,Cooroo Plant - Oil Storage Tank - Tank,Cooroo Plant - Oil Storage Tank - Tank,5200 - Cooroo Plant,COR OIL STRG 5200-LSHH-038,,,5200-LSHH-038,,,,,,Managed by Parent Maintenance,Managed by Parent Maintenance,Managed by Parent Maintenance,Managed by Parent Maintenance,Managed by Parent Maintenance,
Managed by Parent Maintenance_A02,Cooroo Plant - Oil Storage Tank - Dewatering Tank,Cooroo Plant - Oil Storage Tank - Dewatering Tank,5200 - Cooroo Plant,COR OIL STRG 5200-FQI-0033,,,5200-FQI-0033,,,,,,Managed by Parent Maintenance,Managed by Parent Maintenance,Managed by Parent Maintenance,Managed by Parent Maintenance,Managed by Parent Maintenance,
Managed by Parent Maintenance_A02,Cooroo Plant - Oil Storage Tank - Test Tank,Cooroo Plant - Oil Storage Tank - Test Tank,5200 - Cooroo Plant,COR OIL STRG 5200-SP58-003,,,5200-SP58-003,,,,,,Managed by Parent Maintenance,Managed by Parent Maintenance,Managed by Parent Maintenance,Managed by Parent Maintenance,Managed by Parent Maintenance,
Managed by Integrity_A01,Cooroo Plant - Oil Storage Tank - Tank,Cooroo Plant - Oil Storage Tank - Tank,5200 - Cooroo Plant,COR OIL STRG 5200-TK-002,,,5200-TK-002,,,,,,Managed by Integrity,Managed by Integrity,Managed by Integrity,Managed by Integrity,Managed by Integrity,
Managed by Parent Maintenance_A02,Cooroo Plant - Oil Storage Tank - Tank,Cooroo Plant - Oil Storage Tank - Tank,5200 - Cooroo Plant,COR OIL STRG 5200-LIT-5230,,,5200-LIT-5230,,,,,,Managed by Parent Maintenance,Managed by Parent Maintenance,Managed by Parent Maintenance,Managed by Parent Maintenance,Managed by Parent Maintenance,
Managed by Parent Maintenance_A02,Cooroo Plant - Oil Storage Tank - Tank,Cooroo Plant - Oil Storage Tank - Tank,5200 - Cooroo Plant,COR OIL STRG 5200-SP58-004,,,5200-SP58-004,,,,,,Managed by Parent Maintenance,Managed by Parent Maintenance,Managed by Parent Maintenance,Managed by Parent Maintenance,Managed by Parent Maintenance,
Managed by Parent Maintenance_A02,Cooroo Plant - Oil Storage Tank - Test Tank,Cooroo Plant - Oil Storage Tank - Test Tank,5200 - Cooroo Plant,COR OIL STRG 5200-TK-003-PISP-2,,,5200-TK-003-PISP-2,,,,,,Managed by Parent Maintenance,Managed by Parent Maintenance,Managed by Parent Maintenance,Managed by Parent Maintenance,Managed by Parent Maintenance,
Parent Asset - Maintenance covered by children_A03,Cooroo Plant - Oil Storage Tank - Tank,Cooroo Plant - Oil Storage Tank - Tank,5200 - Cooroo Plant,COR OIL STRG 5200-SAT-STO-BND,,,5200-SAT-STO-BND,,,,,,Parent Asset - Maintenance covered by children,Parent Asset - Maintenance covered by children,Parent Asset,Parent Asset,Parent Asset,
Managed by Integrity_A01,Cooroo Plant - Oil Storage Tank - Tank,Cooroo Plant - Oil Storage Tank - Tank,5200 - Cooroo Plant,COR OIL STRG 5200-LSHH-0038,,,5200-LSHH-0038,,,,,,Managed by Integrity,Managed by Integrity,Managed by Integrity,Managed by Integrity,Managed by Integrity,
Managed by Integrity_A01,Cooroo Plant - Oil Storage Tank - Dewatering Tank,Cooroo Plant - Oil Storage Tank - Dewatering Tank,5200 - Cooroo Plant,COR OIL STRG 5200-LSHH-5241,,,5200-LSHH-5241,,,,,,Managed by Integrity,Managed by Integrity,Managed by Integrity,Managed by Integrity,Managed by Integrity,
Managed by Parent Maintenance_A02,Cooroo Plant - Oil Storage Tank - Test Tank,Cooroo Plant - Oil Storage Tank - Test Tank,5200 - Cooroo Plant,COR OIL STRG 5200-PSV-5221,,,5200-PSV-5221,,,,,,Managed by Parent Maintenance,Managed by Parent Maintenance,Managed by Parent Maintenance,Managed by Parent Maintenance,Managed by Parent Maintenance,
Managed by Parent Maintenance_A02,Cooroo Plant - Oil Storage Tank - Test Tank,Cooroo Plant - Oil Storage Tank - Test Tank,5200 - Cooroo Plant,COR OIL STRG 5200-TK-003-VETK-1,,,5200-TK-003-VETK-1,,,,,,Managed by Parent Maintenance,Managed by Parent Maintenance,Managed by Parent Maintenance,Managed by Parent Maintenance,Managed by Parent Maintenance,
Managed by Parent Maintenance_A02,Cooroo Plant - Oil Storage Tank - Tank,Cooroo Plant - Oil Storage Tank - Tank,5200 - Cooroo Plant,COR OIL STRG 5200-TK-010-PISP-2,,,5200-TK-010-PISP-2,,,,,,Managed by Parent Maintenance,Managed by Parent Maintenance,Managed by Parent Maintenance,Managed by Parent Maintenance,Managed by Parent Maintenance,
Managed by Parent Maintenance_A02,Cooroo Plant - Oil Storage Tank - Tank,Cooroo Plant - Oil Storage Tank - Tank,5200 - Cooroo Plant,COR OIL STRG 5200-SP58-002,,,5200-SP58-002,,,,,,Managed by Parent Maintenance,Managed by Parent Maintenance,Managed by Parent Maintenance,Managed by Parent Maintenance,Managed by Parent Maintenance,
Managed by Parent Maintenance_A02,Cooroo Plant - Oil Storage Tank - Test Tank,Cooroo Plant - Oil Storage Tank - Test Tank,5200 - Cooroo Plant,COR OIL STRG 5200-TK-003-CO,,,5200-TK-003-CO,,,,,,Managed by Parent Maintenance,Managed by Parent Maintenance,Managed by Parent Maintenance,Managed by Parent Maintenance,Managed by Parent Maintenance,
Managed by Parent Maintenance_A02,Cooroo Plant - Oil Storage Tank - Tank,Cooroo Plant - Oil Storage Tank - Tank,5200 - Cooroo Plant,COR OIL STRG 5200-TK-010-VETK-1,,,5200-TK-010-VETK-1,,,,,,Managed by Parent Maintenance,Managed by Parent Maintenance,Managed by Parent Maintenance,Managed by Parent Maintenance,Managed by Parent Maintenance,
Managed by Parent Maintenance_A02,Cooroo Plant - Oil Storage Tank - Tank,Cooroo Plant - Oil Storage Tank - Tank,5200 - Cooroo Plant,COR OIL STRG 5200-TK-002-CO,,,5200-TK-002-CO,,,,,,Managed by Parent Maintenance,Managed by Parent Maintenance,Managed by Parent Maintenance,Managed by Parent Maintenance,Managed by Parent Maintenance,
Managed by Parent Maintenance_A02,Cooroo Plant - Oil Storage Tank - Dewatering Tank,Cooroo Plant - Oil Storage Tank - Dewatering Tank,5200 - Cooroo Plant,COR OIL STRG 5200-SP58-001,,,5200-SP58-001,,,,,,Managed by Parent Maintenance,Managed by Parent Maintenance,Managed by Parent Maintenance,Managed by Parent Maintenance,Managed by Parent Maintenance,
Managed by Integrity_A01,Cooroo Plant - Oil Storage Tank - Dewatering Tank,Cooroo Plant - Oil Storage Tank - Dewatering Tank,5200 - Cooroo Plant,COR OIL STRG 5200-TK-001,,,5200-TK-001,,,,,,Managed by Integrity,Managed by Integrity,Managed by Integrity,Managed by Integrity,Managed by Integrity,
Managed by Integrity_A01,Cooroo Plant - Oil Storage Tank - Tank,Cooroo Plant - Oil Storage Tank - Tank,5200 - Cooroo Plant,COR OIL STRG 5200-TK-010,,,5200-TK-010,,,,,,Managed by Integrity,Managed by Integrity,Managed by Integrity,Managed by Integrity,Managed by Integrity,
Managed by Parent Maintenance_A02,Cooroo Plant - Oil Storage Tank - Test Tank,Cooroo Plant - Oil Storage Tank - Test Tank,5200 - Cooroo Plant,COR OIL STRG 5200-LIT-5229,,,5200-LIT-5229,,,,,,Managed by Parent Maintenance,Managed by Parent Maintenance,Managed by Parent Maintenance,Managed by Parent Maintenance,Managed by Parent Maintenance,
Managed by Parent Maintenance_A02,Cooroo Plant - Oil Storage Tank - Tank,Cooroo Plant - Oil Storage Tank - Tank,5200 - Cooroo Plant,COR OIL STRG 5200-LIT-5242,,,5200-LIT-5242,,,,,,Managed by Parent Maintenance,Managed by Parent Maintenance,Managed by Parent Maintenance,Managed by Parent Maintenance,Managed by Parent Maintenance,
Run To Failure-CONTROLLER_A01,Cooroo Plant - Radio And Communications Equipment;Remote Operations Controller - Auxillary Equipment,Cooroo Plant - Radio And Communications Equipment;Remote Operations Controller - Auxillary Equipment,5200 - Cooroo Plant,COR EQPT 5200-UY-5237-AECO-2,,,5200-UY-5237-AECO-2,,,,,,Run To Failure-CONTROLLER,Run To Failure-CONTROLLER,RTF,RTF,RTF,
Run To Failure-CONTROLLER_A01,Cooroo Plant - Radio And Communications Equipment;Remote Operations Controller - Auxillary Equipment,Cooroo Plant - Radio And Communications Equipment;Remote Operations Controller - Auxillary Equipment,5200 - Cooroo Plant,COR EQPT 5200-UY-5237-IPMU-1,,,5200-UY-5237-IPMU-1,,,,,,Run To Failure-CONTROLLER,Run To Failure-CONTROLLER,RTF,RTF,RTF,
Run To Failure-CONTROLLER_A01,Cooroo Plant - Radio And Communications Equipment;Remote Operations Controller - Auxillary Equipment,Cooroo Plant - Radio And Communications Equipment;Remote Operations Controller - Auxillary Equipment,5200 - Cooroo Plant,COR EQPT 5200-UY-5237-AECO-5,,,5200-UY-5237-AECO-5,,,,,,Run To Failure-CONTROLLER,Run To Failure-CONTROLLER,RTF,RTF,RTF,
Run To Failure-CONTROLLER_A01,Cooroo Plant - Radio And Communications Equipment;Remote Operations Controller - Auxillary Equipment,Cooroo Plant - Radio And Communications Equipment;Remote Operations Controller - Auxillary Equipment,5200 - Cooroo Plant,COR EQPT 5200-UY-5237-EDVR-3,,,5200-UY-5237-EDVR-3,,,,,,Run To Failure-CONTROLLER,Run To Failure-CONTROLLER,RTF,RTF,RTF,
Run To Failure-CONTROLLER_A01,Cooroo Plant - Radio And Communications Equipment;Remote Operations Controller - Auxillary Equipment,Cooroo Plant - Radio And Communications Equipment;Remote Operations Controller - Auxillary Equipment,5200 - Cooroo Plant,COR EQPT 5200-UY-5237-EDBA-4,,,5200-UY-5237-EDBA-4,,,,,,Run To Failure-CONTROLLER,Run To Failure-CONTROLLER,RTF,RTF,RTF,
